{
  "station": "Aotizhongxin",
  "order": [
    0,
    1,
    1
  ],
  "seasonal_order": [
    0,
    1,
    1,
    24
  ],
  "aic": 291150.78816863167,
  "mae": 413.8338192023899,
  "rmse": 429.6417593733506
}